{"cameraMode":{"drawMode":31,"name":"Sprite Mask","section":"Miscellaneous"},"sceneLighting":true,"audioPlay":false,"sceneViewState":{"showFog":true,"showMaterialUpdate":true,"showSkybox":true,"showFlares":true,"showImageEffects":true,"showParticleSystems":true},"in2DMode":false,"pivot":{"x":-24.143037796020509,"y":154.90151977539063,"z":683.2736206054688},"rotation":{"x":-0.23509612679481507,"y":-0.10992058366537094,"z":0.014577754773199559,"w":-0.9665044546127319},"size":7.199251651763916,"orthographic":false}